{
  "id": "receipt",
  "name": "Ticket de Venta",
  "description": "Plantilla estándar para tickets de venta",
  "width": 48,
  "orientation": "portrait",
  "requiredFields": [
    "detallePedido",
    "total",
    "metodoPago",
    "telefono"
  ],
  "optionalFields": [
    "aclaraciones",
    "direccion",
    "envio",
    "subTotal"
  ],
  "sections": {
    "header": {
      "showLogo": true,
      "content": "{{businessName}}"
    },
    "products": {
      "itemFormat": "{{cantidad}}x {{nombre}}: ${{precio}}"
    },
    "total": {
      "content": "TOTAL: ${{total}}"
    },
    "payment": {
      "content": "${{total}} en {{metodoPago}} para el cliente {{telefono}}"
    },
    "footer": {
      "showLogo": true,
      "content": "Gracias por su compra\nCONABSOLUTE.COM"
    }
  }
}